{"stats":{"minecraft:used":{"minecraft:dirt":1},"minecraft:mined":{"minecraft:podzol":1},"minecraft:custom":{"minecraft:jump":26,"minecraft:time_since_rest":7935,"minecraft:damage_taken":45,"minecraft:crouch_one_cm":273,"minecraft:leave_game":7,"minecraft:play_time":47681,"minecraft:sprint_one_cm":2501,"minecraft:time_since_death":7933,"minecraft:walk_one_cm":2460,"minecraft:deaths":2,"minecraft:sneak_time":491,"minecraft:total_world_time":47681,"minecraft:fall_one_cm":743,"minecraft:fly_one_cm":48432},"minecraft:picked_up":{"minecraft:dirt":1}},"DataVersion":3465}