{"stats":{"minecraft:used":{"minecraft:netherite_sword":3,"minecraft:iron_bars":5,"minecraft:lava_bucket":5,"minecraft:spruce_slab":23,"minecraft:oak_planks":2,"minecraft:spruce_planks":11,"minecraft:spruce_trapdoor":1,"securitycraft:mine":3,"minecraft:bedrock":178,"minecraft:torch":11,"minecraft:dirt":1,"minecraft:crafting_table":1,"minecraft:coarse_dirt":2},"minecraft:mined":{"minecraft:podzol":1},"minecraft:custom":{"minecraft:time_since_rest":40661,"minecraft:sprint_one_cm":26935,"minecraft:walk_one_cm":33735,"minecraft:damage_taken":55,"minecraft:drop":31,"minecraft:damage_dealt":277,"minecraft:interact_with_crafting_table":1,"minecraft:fly_one_cm":134157,"minecraft:player_kills":2,"minecraft:crouch_one_cm":10585,"minecraft:play_time":91770,"minecraft:deaths":3,"minecraft:sneak_time":4211,"minecraft:jump":173,"minecraft:leave_game":12,"minecraft:time_since_death":40659,"minecraft:total_world_time":91770,"minecraft:fall_one_cm":1287},"minecraft:dropped":{"minecraft:coarse_dirt":1,"minecraft:netherite_block":64,"minecraft:spruce_planks":136,"advancednetherite:netherite_diamond_chestplate":4,"minecraft:crafting_table":1,"advancednetherite:netherite_diamond_sword":3,"minecraft:obsidian":64,"minecraft:ladder":64,"advancednetherite:netherite_diamond_leggings":3,"minecraft:enchanted_golden_apple":3,"advancednetherite:netherite_diamond_boots":3,"minecraft:spruce_log":1,"advancednetherite:netherite_diamond_helmet":4,"minecraft:magma_block":64,"minecraft:spruce_sapling":1},"minecraft:picked_up":{"minecraft:wooden_axe":1,"minecraft:crafting_table":6,"minecraft:stick":3,"minecraft:coarse_dirt":1,"minecraft:ladder":64,"minecraft:sweet_berries":2,"minecraft:wooden_pickaxe":1,"minecraft:spruce_sapling":1,"minecraft:spruce_log":2,"advancednetherite:netherite_diamond_helmet":1,"minecraft:dirt":1,"minecraft:wooden_sword":2,"minecraft:spruce_planks":106,"minecraft:spruce_slab":7,"minecraft:obsidian":63,"minecraft:spruce_trapdoor":1}},"DataVersion":3465}