{"stats":{"minecraft:used":{"minecraft:netherite_sword":3,"minecraft:lava_bucket":5,"minecraft:dirt":1,"minecraft:spruce_slab":1,"minecraft:spruce_planks":6,"minecraft:spruce_trapdoor":1,"minecraft:coarse_dirt":2,"minecraft:iron_bars":5,"minecraft:bedrock":117},"minecraft:custom":{"minecraft:time_since_rest":28661,"minecraft:crouch_one_cm":6434,"minecraft:sprint_one_cm":16668,"minecraft:play_time":79770,"minecraft:deaths":3,"minecraft:damage_taken":55,"minecraft:walk_one_cm":18974,"minecraft:sneak_time":2690,"minecraft:drop":7,"minecraft:jump":113,"minecraft:damage_dealt":277,"minecraft:leave_game":12,"minecraft:time_since_death":28659,"minecraft:total_world_time":79770,"minecraft:player_kills":2,"minecraft:fall_one_cm":1078,"minecraft:fly_one_cm":109933},"minecraft:mined":{"minecraft:podzol":1},"minecraft:dropped":{"minecraft:spruce_log":1,"advancednetherite:netherite_diamond_helmet":1,"minecraft:coarse_dirt":1,"minecraft:spruce_planks":8,"advancednetherite:netherite_diamond_chestplate":1,"minecraft:crafting_table":1,"minecraft:spruce_sapling":1},"minecraft:picked_up":{"minecraft:wooden_axe":1,"minecraft:wooden_sword":1,"minecraft:stick":3,"minecraft:coarse_dirt":1,"minecraft:crafting_table":6,"minecraft:sweet_berries":2,"minecraft:wooden_pickaxe":1,"minecraft:spruce_planks":106,"minecraft:spruce_sapling":1,"minecraft:spruce_slab":2,"minecraft:spruce_log":2,"advancednetherite:netherite_diamond_helmet":1,"minecraft:spruce_trapdoor":1,"minecraft:dirt":1}},"DataVersion":3465}