{"stats":{"minecraft:custom":{"minecraft:time_since_rest":1610,"minecraft:sprint_one_cm":32013,"minecraft:damage_taken":164,"minecraft:walk_one_cm":44706,"minecraft:drop":42,"minecraft:damage_dealt":277,"minecraft:interact_with_crafting_table":1,"minecraft:fly_one_cm":150398,"minecraft:player_kills":2,"minecraft:crouch_one_cm":14997,"minecraft:play_time":104442,"minecraft:deaths":4,"minecraft:sneak_time":6314,"minecraft:jump":230,"minecraft:leave_game":13,"minecraft:time_since_death":1608,"minecraft:total_world_time":104442,"minecraft:fall_one_cm":1498},"minecraft:used":{"advancednetherite:netherite_diamond_sword":4,"minecraft:netherite_sword":3,"minecraft:diamond_pickaxe":19,"minecraft:lava_bucket":5,"minecraft:iron_bars":5,"minecraft:wither_skeleton_skull":7,"minecraft:spruce_slab":31,"minecraft:oak_planks":2,"minecraft:spruce_planks":15,"minecraft:spruce_trapdoor":1,"securitycraft:mine":4,"minecraft:bedrock":187,"minecraft:torch":11,"minecraft:dirt":1,"minecraft:magma_block":4,"minecraft:soul_soil":31,"minecraft:crafting_table":1,"minecraft:coarse_dirt":2},"minecraft:dropped":{"minecraft:cobweb":128,"minecraft:coarse_dirt":1,"advancednetherite:netherite_diamond_chestplate":4,"minecraft:spruce_planks":136,"minecraft:netherite_block":64,"minecraft:diamond_pickaxe":3,"minecraft:crafting_table":1,"firstaid:morphine":3,"advancednetherite:netherite_diamond_sword":3,"minecraft:obsidian":64,"minecraft:ladder":64,"advancednetherite:netherite_diamond_leggings":3,"minecraft:spruce_log":1,"minecraft:enchanted_golden_apple":6,"advancednetherite:netherite_diamond_boots":3,"advancednetherite:netherite_diamond_helmet":4,"minecraft:magma_block":64,"minecraft:spruce_sapling":1},"minecraft:killed_by":{"minecraft:player":1},"minecraft:mined":{"minecraft:podzol":1,"minecraft:magma_block":18,"minecraft:spruce_planks":8,"minecraft:crafting_table":2,"minecraft:soul_soil":1,"minecraft:wither_skeleton_wall_skull":1,"minecraft:spruce_slab":1},"minecraft:picked_up":{"minecraft:wooden_axe":1,"minecraft:crafting_table":7,"minecraft:stick":3,"minecraft:coarse_dirt":1,"minecraft:ladder":64,"minecraft:sweet_berries":2,"minecraft:wooden_pickaxe":1,"minecraft:spruce_sapling":1,"minecraft:spruce_log":2,"minecraft:wither_skeleton_skull":1,"minecraft:string":2,"advancednetherite:netherite_diamond_helmet":1,"minecraft:dirt":1,"minecraft:soul_soil":4,"minecraft:netherite_block":38,"minecraft:wooden_sword":2,"minecraft:spruce_planks":115,"minecraft:spruce_slab":10,"minecraft:enchanted_golden_apple":1,"minecraft:obsidian":64,"minecraft:spruce_trapdoor":1,"minecraft:magma_block":13}},"DataVersion":3465}