{"stats":{"minecraft:used":{"minecraft:dirt":1},"minecraft:mined":{"minecraft:podzol":1},"minecraft:custom":{"minecraft:jump":26,"minecraft:time_since_rest":9375,"minecraft:damage_taken":45,"minecraft:crouch_one_cm":273,"minecraft:leave_game":8,"minecraft:play_time":49121,"minecraft:sprint_one_cm":2501,"minecraft:time_since_death":9373,"minecraft:walk_one_cm":2460,"minecraft:deaths":2,"minecraft:sneak_time":491,"minecraft:total_world_time":49121,"minecraft:fall_one_cm":743,"minecraft:fly_one_cm":48432},"minecraft:picked_up":{"minecraft:dirt":1}},"DataVersion":3465}