{"stats":{"minecraft:used":{"minecraft:dirt":1,"minecraft:coarse_dirt":2},"minecraft:custom":{"minecraft:time_since_rest":16661,"minecraft:crouch_one_cm":1446,"minecraft:sprint_one_cm":9093,"minecraft:play_time":67770,"minecraft:deaths":3,"minecraft:damage_taken":45,"minecraft:walk_one_cm":8984,"minecraft:sneak_time":1253,"minecraft:drop":6,"minecraft:jump":69,"minecraft:damage_dealt":0,"minecraft:leave_game":12,"minecraft:time_since_death":16659,"minecraft:total_world_time":67770,"minecraft:fall_one_cm":743,"minecraft:fly_one_cm":94913},"minecraft:mined":{"minecraft:podzol":1},"minecraft:dropped":{"minecraft:spruce_log":1,"advancednetherite:netherite_diamond_helmet":1,"minecraft:coarse_dirt":1,"minecraft:spruce_planks":8,"advancednetherite:netherite_diamond_chestplate":1,"minecraft:crafting_table":1},"minecraft:picked_up":{"minecraft:coarse_dirt":1,"minecraft:crafting_table":2,"minecraft:spruce_planks":16,"minecraft:spruce_log":2,"advancednetherite:netherite_diamond_helmet":1,"minecraft:dirt":1}},"DataVersion":3465}