{"stats":{"minecraft:used":{"minecraft:dirt":1},"minecraft:mined":{"minecraft:podzol":1},"minecraft:custom":{"minecraft:jump":30,"minecraft:time_since_rest":6894,"minecraft:damage_taken":45,"minecraft:crouch_one_cm":426,"minecraft:leave_game":12,"minecraft:play_time":58003,"minecraft:sprint_one_cm":2729,"minecraft:time_since_death":6892,"minecraft:walk_one_cm":2684,"minecraft:deaths":3,"minecraft:sneak_time":756,"minecraft:total_world_time":58003,"minecraft:fall_one_cm":743,"minecraft:fly_one_cm":64642},"minecraft:picked_up":{"minecraft:dirt":1}},"DataVersion":3465}