{"stats":{"minecraft:killed_by":{"minecraft:skeleton":2,"minecraft:zombie_villager":1,"minecraft:player":2},"minecraft:used":{"minecraft:wooden_sword":8,"advancednetherite:netherite_diamond_chestplate":1,"minecraft:spruce_planks":8},"minecraft:crafted":{"minecraft:crafting_table":1,"minecraft:spruce_planks":12,"minecraft:stick":16},"minecraft:mined":{"minecraft:spruce_planks":1},"minecraft:custom":{"minecraft:time_since_rest":494,"minecraft:crouch_one_cm":2304,"minecraft:sprint_one_cm":36069,"minecraft:play_time":22483,"minecraft:damage_taken":1625,"minecraft:deaths":9,"minecraft:walk_one_cm":42941,"minecraft:sneak_time":1061,"minecraft:jump":479,"minecraft:damage_dealt":536,"minecraft:leave_game":5,"minecraft:time_since_death":492,"minecraft:total_world_time":22483,"minecraft:interact_with_crafting_table":2,"minecraft:fall_one_cm":23530,"minecraft:fly_one_cm":30757,"minecraft:player_kills":3},"minecraft:picked_up":{"minecraft:stick":1,"minecraft:sweet_berries":6,"minecraft:spruce_planks":17,"advancednetherite:netherite_diamond_chestplate":1,"minecraft:spruce_log":3}},"DataVersion":3465}