{"stats":{"minecraft:killed_by":{"minecraft:skeleton":2,"minecraft:zombie_villager":1,"minecraft:player":2},"minecraft:used":{"minecraft:wooden_sword":8,"advancednetherite:netherite_diamond_chestplate":1,"minecraft:spruce_planks":8},"minecraft:crafted":{"minecraft:crafting_table":1,"minecraft:spruce_planks":12,"minecraft:stick":16},"minecraft:mined":{"minecraft:spruce_planks":1},"minecraft:custom":{"minecraft:time_since_rest":179,"minecraft:crouch_one_cm":447,"minecraft:sprint_one_cm":16244,"minecraft:play_time":13638,"minecraft:deaths":7,"minecraft:damage_taken":1305,"minecraft:walk_one_cm":30114,"minecraft:sneak_time":405,"minecraft:jump":318,"minecraft:damage_dealt":456,"minecraft:leave_game":5,"minecraft:time_since_death":178,"minecraft:total_world_time":13638,"minecraft:interact_with_crafting_table":1,"minecraft:fall_one_cm":18994,"minecraft:fly_one_cm":26737,"minecraft:player_kills":3},"minecraft:picked_up":{"minecraft:stick":1,"minecraft:sweet_berries":6,"minecraft:spruce_planks":17,"advancednetherite:netherite_diamond_chestplate":1,"minecraft:spruce_log":3}},"DataVersion":3465}