{"stats":{"minecraft:custom":{"minecraft:time_since_rest":180,"minecraft:sprint_one_cm":86992,"minecraft:damage_taken":2414,"minecraft:walk_one_cm":69678,"minecraft:drop":3,"minecraft:damage_dealt":677,"minecraft:interact_with_crafting_table":8,"minecraft:fly_one_cm":59452,"minecraft:player_kills":4,"minecraft:crouch_one_cm":5018,"minecraft:play_time":46647,"minecraft:deaths":10,"minecraft:sneak_time":3852,"minecraft:jump":1010,"minecraft:leave_game":6,"minecraft:time_since_death":178,"minecraft:damage_resisted":294,"minecraft:total_world_time":46647,"minecraft:fall_one_cm":27956},"minecraft:used":{"advancednetherite:netherite_diamond_sword":20,"minecraft:netherite_block":26,"minecraft:diamond_pickaxe":45,"minecraft:spruce_slab":1,"advancednetherite:netherite_diamond_chestplate":1,"minecraft:spruce_planks":85,"minecraft:torch":8,"minecraft:wooden_sword":8,"minecraft:magma_block":40,"minecraft:soul_soil":3,"minecraft:crafting_table":3,"mcwroofs:spruce_planks_upper_steep_roof":1,"minecraft:enchanted_golden_apple":3,"minecraft:cobweb":1},"minecraft:crafted":{"minecraft:crafting_table":2,"minecraft:ladder":3,"minecraft:spruce_planks":12,"minecraft:stick":32},"minecraft:dropped":{"minecraft:netherite_block":38,"minecraft:string":2},"minecraft:killed_by":{"minecraft:zombie_villager":1,"minecraft:player":2,"minecraft:skeleton":2},"minecraft:mined":{"minecraft:magma_block":45,"minecraft:spruce_planks":23,"minecraft:crafting_table":1,"minecraft:cobweb":3,"minecraft:soul_soil":2,"mcwroofs:spruce_planks_upper_steep_roof":1,"minecraft:wall_torch":8},"minecraft:picked_up":{"minecraft:magma_block":40,"minecraft:stick":1,"minecraft:crafting_table":2,"advancednetherite:netherite_diamond_sword":1,"mcwroofs:spruce_planks_upper_steep_roof":1,"minecraft:sweet_berries":6,"minecraft:torch":8,"advancednetherite:netherite_diamond_leggings":1,"minecraft:wither_rose":1,"firstaid:morphine":1,"minecraft:spruce_log":3,"minecraft:dirt":1,"minecraft:string":2,"advancednetherite:netherite_diamond_helmet":1,"advancednetherite:netherite_diamond_boots":1,"minecraft:soul_soil":3,"minecraft:netherite_block":64,"minecraft:spruce_planks":106,"advancednetherite:netherite_diamond_chestplate":2,"minecraft:cobweb":64,"minecraft:spruce_slab":1,"minecraft:enchanted_golden_apple":2,"minecraft:diamond_pickaxe":1}},"DataVersion":3465}