{"stats":{"minecraft:killed_by":{"minecraft:zombie_villager":1,"minecraft:player":2,"minecraft:skeleton":2},"minecraft:used":{"minecraft:netherite_block":4,"advancednetherite:netherite_diamond_chestplate":1,"minecraft:spruce_planks":42,"minecraft:torch":5,"minecraft:wooden_sword":8,"minecraft:crafting_table":1,"mcwroofs:spruce_planks_upper_steep_roof":1},"minecraft:crafted":{"minecraft:crafting_table":2,"minecraft:ladder":3,"minecraft:spruce_planks":12,"minecraft:stick":32},"minecraft:mined":{"minecraft:spruce_planks":15,"minecraft:crafting_table":1,"mcwroofs:spruce_planks_upper_steep_roof":1,"minecraft:wall_torch":5},"minecraft:custom":{"minecraft:time_since_rest":12494,"minecraft:sprint_one_cm":64510,"minecraft:damage_taken":1725,"minecraft:walk_one_cm":54470,"minecraft:damage_dealt":536,"minecraft:interact_with_crafting_table":7,"minecraft:fly_one_cm":38039,"minecraft:player_kills":3,"minecraft:crouch_one_cm":2889,"minecraft:play_time":34483,"minecraft:deaths":9,"minecraft:sneak_time":1671,"minecraft:jump":778,"minecraft:leave_game":5,"minecraft:time_since_death":12492,"minecraft:total_world_time":34483,"minecraft:fall_one_cm":27125},"minecraft:picked_up":{"minecraft:stick":1,"minecraft:crafting_table":1,"advancednetherite:netherite_diamond_sword":1,"mcwroofs:spruce_planks_upper_steep_roof":1,"minecraft:sweet_berries":6,"minecraft:torch":5,"advancednetherite:netherite_diamond_leggings":1,"minecraft:spruce_log":3,"advancednetherite:netherite_diamond_helmet":1,"advancednetherite:netherite_diamond_boots":1,"minecraft:netherite_block":64,"minecraft:spruce_planks":95,"advancednetherite:netherite_diamond_chestplate":2,"minecraft:enchanted_golden_apple":1}},"DataVersion":3465}