{"stats":{"minecraft:used":{"advancednetherite:netherite_diamond_sword":2,"minecraft:wooden_axe":8,"minecraft:spruce_slab":1,"minecraft:spruce_planks":29,"minecraft:spruce_trapdoor":6,"minecraft:spruce_sapling":1,"minecraft:torch":1,"modernlife:spruce_deck":1,"minecraft:crafting_table":6,"mcwroofs:spruce_planks_upper_steep_roof":1,"minecraft:enchanted_golden_apple":1},"minecraft:crafted":{"mcwroofs:spruce_planks_upper_steep_roof":3,"minecraft:spruce_trapdoor":6,"modernlife:spruce_deck":5,"minecraft:crafting_table":4,"minecraft:stick":4,"minecraft:spruce_planks":40,"minecraft:wooden_axe":1},"minecraft:mined":{"minecraft:spruce_log":4,"minecraft:crafting_table":4,"minecraft:spruce_trapdoor":2,"minecraft:spruce_leaves":5,"minecraft:spruce_slab":2},"minecraft:custom":{"minecraft:time_since_rest":12505,"minecraft:sprint_one_cm":23110,"minecraft:damage_taken":652,"minecraft:walk_one_cm":51157,"minecraft:mob_kills":1,"minecraft:drop":5,"minecraft:damage_dealt":170,"minecraft:interact_with_crafting_table":16,"minecraft:fly_one_cm":15496,"minecraft:crouch_one_cm":10002,"minecraft:play_time":25682,"minecraft:deaths":2,"minecraft:sneak_time":3943,"minecraft:jump":290,"minecraft:leave_game":1,"minecraft:time_since_death":12503,"minecraft:total_world_time":25682,"minecraft:fall_one_cm":8797},"minecraft:dropped":{"minecraft:spruce_trapdoor":1,"minecraft:wooden_axe":1,"minecraft:obsidian":64,"minecraft:spruce_sapling":1},"minecraft:picked_up":{"minecraft:wooden_axe":1,"minecraft:crafting_table":2,"advancednetherite:netherite_diamond_sword":1,"minecraft:torch":1,"advancednetherite:netherite_diamond_leggings":1,"minecraft:spruce_sapling":4,"minecraft:spruce_log":10,"advancednetherite:netherite_diamond_helmet":1,"advancednetherite:netherite_diamond_boots":1,"minecraft:podzol":1,"minecraft:spruce_planks":67,"advancednetherite:netherite_diamond_chestplate":1,"minecraft:spruce_slab":1,"minecraft:enchanted_golden_apple":1,"minecraft:obsidian":64,"minecraft:spruce_trapdoor":1},"minecraft:killed":{"minecraft:enderman":1}},"DataVersion":3465}