{"stats":{"minecraft:used":{"minecraft:spruce_planks":1,"minecraft:spruce_sapling":1},"minecraft:crafted":{"minecraft:spruce_planks":40},"minecraft:mined":{"minecraft:spruce_log":4,"minecraft:spruce_leaves":1},"minecraft:custom":{"minecraft:jump":19,"minecraft:time_since_rest":4131,"minecraft:leave_game":1,"minecraft:crouch_one_cm":283,"minecraft:sprint_one_cm":1757,"minecraft:play_time":4131,"minecraft:time_since_death":4131,"minecraft:walk_one_cm":3709,"minecraft:sneak_time":310,"minecraft:total_world_time":4131,"minecraft:fall_one_cm":209,"minecraft:fly_one_cm":2283},"minecraft:picked_up":{"minecraft:spruce_sapling":3,"minecraft:spruce_log":10}},"DataVersion":3465}