{"stats":{"minecraft:custom":{"minecraft:time_since_rest":75,"minecraft:sprint_one_cm":34074,"minecraft:damage_taken":955,"minecraft:walk_one_cm":64886,"minecraft:mob_kills":1,"minecraft:drop":8,"minecraft:damage_dealt":170,"minecraft:interact_with_crafting_table":18,"minecraft:fly_one_cm":17333,"minecraft:crouch_one_cm":15248,"minecraft:play_time":35080,"minecraft:deaths":3,"minecraft:sneak_time":8287,"minecraft:jump":379,"minecraft:leave_game":2,"minecraft:time_since_death":73,"minecraft:total_world_time":35080,"minecraft:damage_resisted":0,"minecraft:fall_one_cm":10909},"minecraft:used":{"advancednetherite:netherite_diamond_sword":8,"minecraft:wooden_axe":14,"minecraft:diamond_pickaxe":1,"minecraft:spruce_slab":1,"minecraft:spruce_planks":37,"minecraft:spruce_trapdoor":8,"minecraft:spruce_sapling":1,"minecraft:torch":1,"minecraft:magma_block":18,"modernlife:spruce_deck":3,"minecraft:crafting_table":6,"minecraft:podzol":1,"mcwroofs:spruce_planks_upper_steep_roof":1,"minecraft:enchanted_golden_apple":2,"minecraft:cobweb":9},"minecraft:crafted":{"mcwroofs:spruce_planks_upper_steep_roof":3,"minecraft:spruce_trapdoor":12,"modernlife:spruce_deck":5,"minecraft:crafting_table":4,"minecraft:spruce_planks":40,"minecraft:stick":4,"minecraft:wooden_axe":1},"minecraft:killed":{"minecraft:enderman":1},"minecraft:dropped":{"minecraft:spruce_trapdoor":1,"minecraft:spruce_planks":2,"minecraft:wooden_axe":1,"advancednetherite:netherite_diamond_sword":1,"minecraft:obsidian":64,"minecraft:spruce_sapling":1},"minecraft:killed_by":{"minecraft:wither":1},"minecraft:mined":{"minecraft:magma_block":1,"minecraft:spruce_planks":6,"minecraft:spruce_log":4,"minecraft:crafting_table":4,"minecraft:spruce_trapdoor":2,"modernlife:spruce_deck":1,"minecraft:cobweb":4,"minecraft:spruce_leaves":5,"minecraft:spruce_slab":2},"minecraft:picked_up":{"minecraft:wooden_axe":1,"minecraft:magma_block":20,"minecraft:crafting_table":2,"advancednetherite:netherite_diamond_sword":2,"minecraft:torch":3,"advancednetherite:netherite_diamond_leggings":1,"firstaid:morphine":1,"minecraft:spruce_sapling":4,"minecraft:spruce_log":10,"advancednetherite:netherite_diamond_helmet":1,"advancednetherite:netherite_diamond_boots":1,"minecraft:string":4,"minecraft:podzol":1,"minecraft:spruce_planks":82,"advancednetherite:netherite_diamond_chestplate":1,"minecraft:cobweb":64,"modernlife:spruce_deck":1,"minecraft:spruce_slab":1,"minecraft:enchanted_golden_apple":2,"minecraft:obsidian":64,"minecraft:spruce_trapdoor":1,"minecraft:diamond_pickaxe":1}},"DataVersion":3465}