{"stats":{"minecraft:used":{"minecraft:wooden_axe":7,"minecraft:crafting_table":3,"minecraft:spruce_slab":1,"minecraft:spruce_planks":9,"minecraft:spruce_trapdoor":3,"minecraft:spruce_sapling":1},"minecraft:crafted":{"minecraft:spruce_trapdoor":4,"minecraft:crafting_table":2,"minecraft:spruce_planks":40,"minecraft:stick":4,"minecraft:wooden_axe":1},"minecraft:mined":{"minecraft:spruce_log":4,"minecraft:spruce_leaves":4,"minecraft:spruce_slab":2,"minecraft:crafting_table":4,"minecraft:spruce_trapdoor":1},"minecraft:custom":{"minecraft:time_since_rest":505,"minecraft:crouch_one_cm":7543,"minecraft:sprint_one_cm":8033,"minecraft:play_time":13682,"minecraft:deaths":2,"minecraft:damage_taken":440,"minecraft:walk_one_cm":22598,"minecraft:sneak_time":2672,"minecraft:drop":3,"minecraft:jump":136,"minecraft:leave_game":1,"minecraft:time_since_death":503,"minecraft:total_world_time":13682,"minecraft:interact_with_crafting_table":9,"minecraft:fall_one_cm":6115,"minecraft:fly_one_cm":7578},"minecraft:dropped":{"minecraft:spruce_trapdoor":1,"minecraft:wooden_axe":1,"minecraft:spruce_sapling":1},"minecraft:picked_up":{"minecraft:wooden_axe":1,"minecraft:crafting_table":2,"minecraft:spruce_planks":3,"minecraft:spruce_slab":1,"minecraft:spruce_sapling":3,"minecraft:spruce_log":10}},"DataVersion":3465}