{"stats":{"minecraft:killed_by":{"minecraft:player":4},"minecraft:used":{"advancednetherite:netherite_diamond_sword":4,"minecraft:wooden_axe":52,"minecraft:spruce_slab":23,"minecraft:spruce_planks":31,"advancednetherite:netherite_diamond_chestplate":1,"minecraft:spruce_trapdoor":13,"advancednetherite:netherite_diamond_helmet":1,"minecraft:spruce_sapling":3,"minecraft:torch":4,"advancednetherite:netherite_diamond_boots":1,"minecraft:dirt":1,"minecraft:magma_block":24,"minecraft:crafting_table":8,"advancednetherite:netherite_diamond_leggings":1,"minecraft:coarse_dirt":2,"minecraft:spruce_log":1},"minecraft:crafted":{"minecraft:wooden_sword":1,"minecraft:spruce_trapdoor":10,"minecraft:crafting_table":1,"minecraft:spruce_planks":92,"minecraft:spruce_slab":24,"minecraft:stick":8,"minecraft:wooden_pickaxe":1,"minecraft:wooden_axe":1},"minecraft:mined":{"minecraft:coarse_dirt":2,"minecraft:spruce_planks":13,"minecraft:spruce_sapling":1,"minecraft:fire":2,"minecraft:sweet_berry_bush":3,"minecraft:spruce_log":34,"minecraft:torch":1,"minecraft:crafting_table":4,"minecraft:spruce_trapdoor":3,"minecraft:dirt":1,"minecraft:spruce_leaves":4,"minecraft:spruce_slab":4,"minecraft:wall_torch":6},"minecraft:custom":{"minecraft:time_since_rest":12545,"minecraft:sprint_one_cm":40626,"minecraft:damage_taken":1205,"minecraft:walk_one_cm":85206,"minecraft:drop":4,"minecraft:damage_dealt":335,"minecraft:interact_with_crafting_table":15,"minecraft:fly_one_cm":40204,"minecraft:player_kills":1,"minecraft:crouch_one_cm":15376,"minecraft:play_time":33948,"minecraft:deaths":6,"minecraft:sneak_time":5337,"minecraft:jump":433,"minecraft:leave_game":7,"minecraft:time_since_death":12543,"minecraft:total_world_time":33948,"minecraft:fall_one_cm":17215},"minecraft:dropped":{"minecraft:torch":1,"minecraft:spruce_trapdoor":1,"minecraft:spruce_planks":16,"minecraft:wooden_sword":1},"minecraft:picked_up":{"minecraft:magma_block":64,"advancednetherite:netherite_diamond_sword":1,"minecraft:coarse_dirt":2,"minecraft:crafting_table":8,"minecraft:sweet_berries":2,"minecraft:torch":6,"advancednetherite:netherite_diamond_leggings":1,"minecraft:spruce_sapling":3,"advancednetherite:netherite_diamond_boots":1,"minecraft:spruce_log":24,"advancednetherite:netherite_diamond_helmet":1,"minecraft:dirt":1,"minecraft:spruce_planks":27,"advancednetherite:netherite_diamond_chestplate":1,"minecraft:enchanted_golden_apple":1,"minecraft:spruce_slab":5,"minecraft:spruce_trapdoor":5}},"DataVersion":3465}