{"stats":{"minecraft:killed_by":{"minecraft:player":4},"minecraft:used":{"minecraft:wooden_axe":36,"minecraft:dirt":1,"minecraft:crafting_table":2,"minecraft:coarse_dirt":2,"minecraft:spruce_sapling":3,"minecraft:spruce_log":1},"minecraft:crafted":{"minecraft:wooden_sword":1,"minecraft:crafting_table":1,"minecraft:stick":8,"minecraft:spruce_planks":92,"minecraft:wooden_pickaxe":1,"minecraft:wooden_axe":1},"minecraft:mined":{"minecraft:coarse_dirt":2,"minecraft:spruce_planks":5,"minecraft:spruce_sapling":1,"minecraft:dirt":1,"minecraft:sweet_berry_bush":3,"minecraft:spruce_log":34,"minecraft:crafting_table":2},"minecraft:custom":{"minecraft:time_since_rest":333,"minecraft:crouch_one_cm":2096,"minecraft:sprint_one_cm":28499,"minecraft:play_time":12121,"minecraft:deaths":4,"minecraft:damage_taken":910,"minecraft:walk_one_cm":29102,"minecraft:sneak_time":899,"minecraft:drop":1,"minecraft:jump":225,"minecraft:damage_dealt":115,"minecraft:leave_game":7,"minecraft:time_since_death":331,"minecraft:total_world_time":12121,"minecraft:interact_with_crafting_table":3,"minecraft:fall_one_cm":9721,"minecraft:fly_one_cm":28713,"minecraft:player_kills":1},"minecraft:dropped":{"minecraft:spruce_planks":16},"minecraft:picked_up":{"minecraft:crafting_table":4,"minecraft:coarse_dirt":2,"minecraft:sweet_berries":2,"minecraft:spruce_planks":21,"minecraft:spruce_sapling":3,"minecraft:spruce_log":24,"minecraft:dirt":1}},"DataVersion":3465}