{"stats":{"minecraft:custom":{"minecraft:time_since_rest":180,"minecraft:sprint_one_cm":41147,"minecraft:damage_taken":1439,"minecraft:walk_one_cm":94729,"minecraft:drop":5,"minecraft:damage_dealt":335,"minecraft:interact_with_crafting_table":17,"minecraft:fly_one_cm":47913,"minecraft:player_kills":1,"minecraft:crouch_one_cm":24280,"minecraft:play_time":46482,"minecraft:deaths":7,"minecraft:sneak_time":11772,"minecraft:jump":531,"minecraft:leave_game":8,"minecraft:time_since_death":178,"minecraft:damage_resisted":136,"minecraft:total_world_time":46482,"minecraft:fall_one_cm":17753},"minecraft:broken":{"minecraft:wooden_axe":1},"minecraft:used":{"advancednetherite:netherite_diamond_sword":7,"minecraft:diamond_pickaxe":9,"minecraft:wooden_axe":87,"minecraft:spruce_slab":33,"advancednetherite:netherite_diamond_chestplate":1,"minecraft:spruce_trapdoor":13,"minecraft:spruce_planks":70,"minecraft:spruce_sapling":3,"advancednetherite:netherite_diamond_helmet":1,"minecraft:torch":7,"advancednetherite:netherite_diamond_boots":1,"minecraft:dirt":1,"minecraft:magma_block":73,"minecraft:sweet_berries":2,"minecraft:crafting_table":8,"advancednetherite:netherite_diamond_leggings":1,"minecraft:coarse_dirt":2,"minecraft:enchanted_golden_apple":1,"minecraft:spruce_log":1},"minecraft:crafted":{"minecraft:wooden_sword":1,"minecraft:spruce_trapdoor":10,"minecraft:crafting_table":1,"minecraft:spruce_slab":24,"minecraft:spruce_planks":92,"minecraft:stick":8,"minecraft:wooden_pickaxe":1,"minecraft:wooden_axe":2},"minecraft:dropped":{"minecraft:wooden_axe":1,"minecraft:torch":1,"minecraft:spruce_trapdoor":1,"minecraft:spruce_planks":16,"minecraft:wooden_sword":1},"minecraft:killed_by":{"minecraft:wither":1,"minecraft:player":4},"minecraft:mined":{"minecraft:magma_block":9,"minecraft:coarse_dirt":2,"minecraft:spruce_planks":43,"minecraft:spruce_sapling":1,"minecraft:fire":2,"minecraft:sweet_berry_bush":3,"minecraft:spruce_log":34,"minecraft:crafting_table":4,"minecraft:spruce_trapdoor":3,"minecraft:torch":1,"minecraft:dirt":1,"minecraft:cobweb":1,"minecraft:spruce_leaves":4,"minecraft:spruce_slab":9,"minecraft:wall_torch":10},"minecraft:picked_up":{"minecraft:wooden_axe":1,"minecraft:magma_block":75,"minecraft:crafting_table":8,"minecraft:coarse_dirt":2,"advancednetherite:netherite_diamond_sword":1,"mcwroofs:spruce_planks_upper_steep_roof":1,"minecraft:sweet_berries":2,"minecraft:torch":9,"advancednetherite:netherite_diamond_leggings":1,"firstaid:morphine":1,"minecraft:spruce_sapling":3,"minecraft:spruce_log":24,"minecraft:dirt":1,"advancednetherite:netherite_diamond_helmet":1,"advancednetherite:netherite_diamond_boots":1,"minecraft:string":1,"minecraft:spruce_planks":52,"advancednetherite:netherite_diamond_chestplate":1,"minecraft:spruce_slab":10,"minecraft:enchanted_golden_apple":1,"minecraft:spruce_trapdoor":5,"minecraft:diamond_pickaxe":1}},"DataVersion":3465}