{"stats":{"minecraft:killed_by":{"minecraft:player":4},"minecraft:used":{"minecraft:wooden_axe":42,"minecraft:spruce_slab":9,"minecraft:spruce_trapdoor":5,"minecraft:spruce_sapling":3,"minecraft:dirt":1,"minecraft:crafting_table":6,"minecraft:coarse_dirt":2,"minecraft:spruce_log":1},"minecraft:crafted":{"minecraft:wooden_sword":1,"minecraft:spruce_trapdoor":4,"minecraft:crafting_table":1,"minecraft:spruce_planks":92,"minecraft:spruce_slab":12,"minecraft:stick":8,"minecraft:wooden_pickaxe":1,"minecraft:wooden_axe":1},"minecraft:mined":{"minecraft:coarse_dirt":2,"minecraft:spruce_planks":7,"minecraft:spruce_sapling":1,"minecraft:sweet_berry_bush":3,"minecraft:spruce_log":34,"minecraft:crafting_table":4,"minecraft:spruce_trapdoor":1,"minecraft:dirt":1,"minecraft:spruce_slab":2},"minecraft:custom":{"minecraft:time_since_rest":545,"minecraft:sprint_one_cm":33606,"minecraft:damage_taken":1100,"minecraft:walk_one_cm":55493,"minecraft:drop":2,"minecraft:damage_dealt":115,"minecraft:interact_with_crafting_table":8,"minecraft:fly_one_cm":35911,"minecraft:player_kills":1,"minecraft:crouch_one_cm":10086,"minecraft:play_time":21948,"minecraft:deaths":6,"minecraft:sneak_time":2427,"minecraft:jump":325,"minecraft:leave_game":7,"minecraft:time_since_death":543,"minecraft:total_world_time":21948,"minecraft:fall_one_cm":13333},"minecraft:dropped":{"minecraft:spruce_trapdoor":1,"minecraft:spruce_planks":16},"minecraft:picked_up":{"minecraft:coarse_dirt":2,"minecraft:crafting_table":8,"minecraft:sweet_berries":2,"minecraft:spruce_sapling":3,"minecraft:spruce_log":24,"minecraft:dirt":1,"minecraft:spruce_planks":25,"minecraft:spruce_slab":2,"minecraft:spruce_trapdoor":3}},"DataVersion":3465}